workerid,prolific_participant_id
1275,5ae21dfffef71c0001be9caf
1483,5f503dfc47022a1bc112557a
1396,5f60f1e9c43a1e011737157f
1423,5cb33d40f173240019513957
1231,5f9b7861ba641d39dfde5fa3
1157,5e1fa60088eb2e2d97c4a4a7
1484,5d348ae29ca0ce0019293919
1513,5f94a8e7fa8c422fc88940b0
1454,5edabd929d0c9370d88ed85a
1292,5f315908aea34d0ca5c4e8d3
1474,5f700e2d56de4b5dd5ccc0c3
1284,5b27136ca7cee100011db442
1193,5da5afa4f907f500123ef9ae
1147,5f2e04d5a87abd16ab54e034
1201,5d12423a1a6cf5001ecbe000
1415,5dbacecee2fafc0e38007428
1172,5d0fb996286e1700010de2c1
1301,5c89b77c65b4d70001b40ac3
1139,5e3730e29367056cd1c6f168
1342,5e7121607e526802f55230e5
1521,5f51559edb8a3538c454cb49
1309,5ec9caecb7f79d106dfe1065
1538,592f1db78ad1ae0001937983
1317,5ec4b21a7207c93a44fbdb83
1324,5befb1ba2d0a5e0001b3ada3
1499,5f9a275046cf0d13e2ba9017
1379,5d9b3690b8040b0015614983
1217,5d354c9f1c1e8a001e521262
1225,58503134ed99c80001cebc0a
1404,5aa3eff9873cda00010d570f
1333,5dd3eb4bc0823f3d043b96fb
1132,5f4afb1288eb746d1804dc1e
1168,5ac440da9534ba0001c736da
1531,5e8671802e68e82a69dc9442
1241,5dfe69ed11d879b042404a8b
1258,559fa17cfdf99b69c369d364
1503,5ea45eb9abef8a07bcced2bc
1209,5f827fb8c85c273ad7dcfd45
1427,55e31bf4c70c7a00112a599a
1380,5f5a384eb8f0a60a7b364d4a
1556,5de6bdaccc246f64162dde80
1250,5ea9a252ef7ece0cd4993841
1464,5f7cac5836bfca11a41e047e
1184,5f8ef58bbc748a0c54ee9163
1546,5e4e1426e78ac625d7bae837
1264,5fa1a766af0f2c2ef106ed87
1443,5f43dc1aba42f706942ff21d
1122,5f89d1f3ff9be4024f3836ed
1351,5d93e65674c6fd00149ac284
1361,5b707a406f0ed10001bfb973
1138,5f47e6376aa63923f3804e3b
1202,5e8e16e8bae84a0b7f88f3ed
1502,5f19f2fc1af38d0bd7d29b13
1350,5a7618b18fe2dc0001057243
1453,5f4081a06a50cd1c4383a452
1394,5f61536321c0500f50805d2d
1378,5b984dd258ee9f00012fbfd2
1164,5f4ad34bfd49ef69235b0d6a
1457,5ea1afbb8809ad07b7582ec0
1249,5dddd95d238a91d4fa1a8cf6
1496,5fa17ddeabc188288bde81c8
1274,5b16d3afb7809d000165d82c
1185,5d94794a521f890016f93604
1200,597b858909bdcf000153ff58
1537,5f8e154dac8be91e07652f05
1545,5f9c42916aa4f30b01b97799
1325,5e2de5a5ca99353d0b03b72d
1530,5c4d1a6c9ce35100019dbc88
1257,59e7477e3e4b5a00016aa4d2
1192,5eb6b8ee9351615bd9d99fde
1300,5e76d2652d882b2481d65066
1291,5f55b2de5c3cb118507479f5
1491,5f32aab12a9f82000854c3ea
1156,5f487aeef92292234068b342
1330,5f983091d7631f0a043ebe1f
1482,5aeb7a37b6c25a000195a880
1233,5f98648b2b17f512f21254d3
1283,5eee7448b465303350093b53
1234,5ed696d2449ef00dbdce0178
1120,5e1f45ba7283be03ad487b3d
1414,5e6560b5b402952e900827c5
1130,5c227a64da51990001e1e0a2
1442,5cb80f255a63a200167ead10
1316,5b457ba9eb64c200015bbab1
1512,5eaa029e3bf00617aed43a00
1146,5bb3d470a1aed700011f6575
1224,5e2c972a7d97642ba0a357c6
1358,5e2861fb5c6297029148b635
1171,5f107c806658ff089bc75445
1422,5d9a7b223dbc9e02ad435c90
1267,5ecca0f9a88e73878f2e66b4
1387,5f7d136801b6ea1e55616a4b
1520,5f8cff5b20cbd14a4e792ee8
1555,5f481c957c7b442bc0411692
1341,5f480483636f06282e8da375
1216,5dd3e1f5b48da33b9f4dbe5b
1473,5dfb2e24e780218435ff4f97
1368,56b3716ab8384a000a6a18db
1435,5f93c64c1caf591a5447d75d
1403,5edea425636ea9137e9627ed
1247,5ced21c87afd86001734a840
1256,59e29e405de9b000017ecebf
1519,5f752db68769e41a557e9888
1290,5eb1596e28dcc723b18613c9
1215,5f7df770d0eafd06662c693e
1235,5f4181c03229373368ea4b25
1527,5dfdc45e617219a8e2e05c26
1539,5ddef0fae454cde6bc7d9e3e
1307,5e09ffd8fa3d102a583771c1
1451,5e37a9b2d119d673382504ac
1481,5df967d2f6191f6e87b236e6
1137,5ef0b9fefb4e033ed8364c10
1393,5ee6cc4e34f12e44e827f657
1421,5e455faf462e0802d9d9c3e2
1282,5c327e4653d7b10001934453
1329,5f1f0be06ecfbc0879471f36
1554,5b5089f9c36d8d0001ee0f73
1571,5f1237737aedf616f3fa51d9
1153,5ed7f0da82922d2cffb5dc8c
1527,5d1d073e2741ce0019113c67
1129,5d3a10f0708b4f0001aa2513
1472,5da88646fed6090012e5effd
1208,5f781aeb963fa1387d958614
1266,5ee97d13009ed5338bbc05b8
1199,5f47f49560be64128162a5f4
1169,5c03688d29abc00001991a3a
1191,5cd1cd286ba2f90016feed92
1298,5b915c9d22d85d000115c0f5
1357,5fa0a8458a77a51177c09872
1573,5deff457bfb50b054f24fe87
1490,5e24122635dba5699f39e0d6
1161,5f2e53726e24671b645021ca
1575,58742bf5d53c97000159df8c
1402,5b6dc41afd9d8700014b33bd
1466,5f884509e5b5aa2b0d7a8b8e
1323,5b5e7e643bac1d0001f9bf28
1223,56272eeeddff3c0011bcdb7e
1273,5e4ef4b624196533f5056604
1511,5bf9bd81549c180001dab194
1441,5f9864e3cbb19512c0e41011
1493,5c1f02a310677f0001da17b8
1386,5fa06893caca420a1fffe881
1145,5a03d20a7ecfc50001be0a7a
1232,588c43c29c4f3f00010f12bb
1367,5ea839f7ae8c352334d1f052
1340,5e4af9e73485dd000c99724e
1349,5f2e00fa9832d716737ae694
1176,5cabd5cacc54e70001094d05
1377,5f2073e8e337a6149b53faad
1180,5f2d95153c1140074cc81b4c
1574,5c40e7d99d27f00001159a65
1471,5e2c3fd765b67d262cdd4a10
1289,5f35f5ff98f31a23b4ff57c0
1366,5ef126bee70cea72667763f4
1265,5b91dc16cc81a400017a3438
1306,5c1150e31e7d6900018207ef
1459,5b1962c551d4eb0001bf968b
1348,5ea0d2c9d801310dbed9e2fc
1222,5cf6150ce42af100015a90c4
1401,5f5e1f4e16216268ce8d1e52
1553,5d9d0144c8406d0014d792a3
1210,5e0e49cfbf3d4e5b0925b2a3
1136,5f504261fc46741bfbeb8240
1463,5f964afbe8687451e655185f
1255,5c926fde01779a001632205d
1385,57bb6878eb28030001f7ea94
1536,5aee59100ccc2e000185937c
1246,5f42f4b399b7681634a2b419
1128,5eac784b456fbf2cdb2b848d
1167,5e825bfb726b2a987e7ea387
1440,5c6319a0b73d590001ae789d
1230,5b29528dfdb21100019163cf
1479,5d754511abfec00001d24e13
1489,5dd321de568ca5331021fb2b
1420,5dd3535f41afe835d31b6610
1376,5a807a480f1bce000121f918
1339,5e14bd64617219ae6593485a
1272,5e9e5208595cb12230f38262
1518,58a50aebbb9e0f0001aca2a7
1198,5eb049dc9731700c38a8b6fc
1498,5f7390297529630e400b5611
1501,5b97f8988ae8150001c7a887
1160,5dcc938a547c1f92e47d9800
1392,5f6a4c68979a300dc0b3bc90
1299,5f6bfe84b3d4ba1796defbfb
1281,5f0371af72f25156ae9ed412
1152,5e7c00b3c53e35000be9927c
1322,5ed43533bdae560e1127454b
1174,5f9c8a016151d415d2237982
1510,5beb92fbe0a3940001543d8c
1207,5f078308b1ceae026b948a49
1240,5edddfb3ee1acdb17cd5757f
1430,5eeabf5e5078c60009bf312b
1452,5f281988065a2208cce4dd96
1526,5e922e79076c3755a1558b7f
1314,5f7e1888e42c9b0b7104d49d
1190,5e822189753a0e92e5e25cd8
1328,5f4e912080ef84091723f454
1297,5ed6a80ac3b8620fd41f5fd6
1412,5e80d8569d1bdf03449b0c2e
1544,5dc59aea37023940a0860dea
1439,5fa0a935192627130f7a4a88
1384,5edc195a95d5090e1c3f91b2
1143,5f2f0027956a3f2cfe9bd04c
1429,5f4fdf4f44ceb0115f0be9ba
1507,578b7f0e900cc80001d2e55f
1214,5c735293742d0d0001115f83
1296,5f39c5e729c84558731bcca3
1206,5f4c4b277200c9868db9d43f
1321,58d7896b4240e5000118f705
1557,5e8408d21d9287000cae48bc
1371,5c59a631cbfa5b000175b667
1229,5c4e9decc477f10001d90ac9
1535,5f0763da47bd2b3561e8d085
1338,5ede6208f4ec4b0bf6c2b6dd
1346,5f91a09aa0c15f02c8b9394c
1434,5aadbe52811b2000016f7633
1391,5ea90125117dae3737b5e552
1543,5f85d6e40fe3880a888c3cd1
1127,55a43687fdf99b7da1908e0f
1313,5f4885f3edde0c33cdabd1eb
1189,5f1b4c04c8514b16f6fe4c69
1177,5f16fa8069dc2901cd1e0b05
1197,5e164a28e632e1c21416c28e
1271,5f6a56e1c24e870fd11ee965
1400,5df2cafb13ec501d9eed34dd
1279,5b08b33ae33e2b00016aca92
1151,5d3115f6dda5a200156ab6e8
1495,5f9ca7bb60574119640ca001
1565,5fa012c9da74d501089f07c6
1327,5ca9e89dcb4af3001440da22
1165,5ef1ea960f31ff0687a3aa49
1305,5f46b0e48432c305f2dcce6d
1159,5b5b4df10d0e6800012cd36c
1566,5bdbc42b19b9ba000157af4b
1239,5f1ce886fe7ca35bf3a1abb1
1525,5f966b046e6da153e93548f8
1563,59dc458f77860e000151240e
1409,5eed1b03d78b3b12ab9ad560
1183,5d9be9bb781fe3001486ddf2
1488,5f6e1c92b768652fc12d5f62
1263,546f8a9cfdf99b4a593414ea
1564,5f98a64324409e1bc7ad0f94
1558,5c452e0426217400018c6ef1
1355,5dd864447beb29822b6c1e86
1552,5d4254db5b2c430001418a3c
1562,5e6484158bd03f1f1bdc1821
1478,5f47ec02c20934238573ee2b
1559,5f491a5aa2a3082e99e642cc
1517,5eda9e280c75186cccd37020
1419,5ed7b5af65b9ae09f16de102
1567,5ca3d57fa29412001687031e
1245,5f87c566563f7c20abe907a6
1135,5e1588c0ecb3eab8ba1f1aec
1560,58ac91c38bf22a00015b91b3
1375,5ecff62cb1b0dc08775b33f4
1254,5f831cdb30a27f464a9ea4ae
1213,5f90dcb9c3d6791d265e0b86
1182,5c510ba17a1645000150304b
1461,5f4be3c1f50c0e7c3596ab36
1469,5c75d4d6b80b460014bd0373
1390,5ee074e97372d43cc027231b
1411,5f80f4bd8481ae1a01dc4869
1364,5f8eb9ca618ae3040c2aa1fb
1516,59eca3d50fb3a90001bd9cfe
1150,5c0262307e7bca000123e41b
1524,57dd1a741334540001170404
1492,5d05767056e71d001863ef54
1175,5cdee86590d2dc0001f86b3a
1597,5edae7d8d517f50009cbac62
1278,5ec4465c16290213a8e30fd5
1426,594a9305647e0600014f7c3d
1438,5d85150104ad7f00180935d1
1354,5eeef4b4b9698b0433dea99c
1126,5bd3c516860b840001db97f7
1418,5f10d6fdc5a6a740e2472e59
1506,5f47ee66d5ce1011a1d75677
1383,566c9284d408ea000519c6d7
1134,5a063c2d844c7a00015e477d
1253,5abd2b4fe734400001d9ee98
1326,5f50aeae3f09db22047804d9
1486,5f456ef1a4b48216d30fb263
1345,5fa03708648d6801035357d0
1285,54837312fdf99b2490ad57b6
1188,5df01c941153b80702f11fff
1312,5c3947291084f30001a00781
1399,5f989fa02b5a611b2df1a305
1477,59349d79f1b3f00001964d04
1270,5dd2c9f2c925a82e5167ef8b
1304,5df15529c12a360656564dcf
1449,5c23c03889f035000173d7d7
1142,5dd3581abca2e436d1c171cb
1205,5d14e8b5bc2e6f001b048c50
1158,5bd4c1d09afb5b00015c5bdd
1262,5ebe0901a63a9015b07862a4
1295,5d280e75c3c61e000181c6bd
1244,5ef2404bed03f70837f09c71
1542,5a4c530e30adf700015cc7c5
1166,5cdcfb9de3e7c20016a4082c
1335,5c09a2515f9f0100010b51cd
1196,5f664a8dde534d212f20e43e
1374,5f9059133f88010e329dc628
1228,5d498ea0faa15b001acd4a5d
1320,5dc5086aa0910f3ada826120
1534,5f616e6d5399870fad4c4d17
1238,5d43ee914b5bdb0001531f6f
1220,5f3b375fd5b7e88453ade686
1548,5ee5fa4205dd1933fb45e80b
1363,5f317125c5a8420186619723
1398,5f103503ffcdaf0008141ad6
1124,5f9fd362f820990008c16a97
1133,5d3cc9010e510a00013df6f6
1550,5dd5e27fe25acf59990e1adf
1181,5a7cb079aa46dd00016b5bfb
1417,5e97905a2d7c132593874657
1269,5fa1c10277c8753312660dfd
1580,5e149c03864020aa6e1cf04d
1508,5f7c839eca86660ad9416eec
1149,5e7f4d2ad29f7560f032abb9
1497,5f9e91670a621142cb79a412
1448,5f4d1371c20934977e621ac3
1237,5f0d2ad60ad0d6730c380b05
1336,56d0901c197fb1000b2348ee
1445,5a2e19cca3a512000195866a
1332,5d19982b9bd0710018aaa771
1572,57d8e1cdb9fb6f0001dda345
1280,5d6ac7e17658a1001a8c63b2
1347,5ecab6e9111ab76087c7b1b9
1515,5e338a5a077089359a6ff707
1187,5d45bcac090549001a67b6f0
1458,5f93c6bb9f51701aad6b44e1
1582,5f2150b3319efd2d619a356b
1360,5d3532fb6178c20018195407
1337,5f5a384eb8f0a60a7b364d4a
1261,5c1bc0ab84ff14000184c2ce
1600,5f75f504939b7d0009151cf9
1446,5ee92877abacd12b1121833e
1576,5dea76e109c1071948aed0ff
1570,5ee0181df2aa853667686d9b
1465,5eea404ec3494f10be3ff5a8
1173,5f556e9b5d41a49332fee4fa
1425,5e32cbad3db17e2868d1f41e
1162,599b15bcd0bcd10001dd92d8
1131,5dd73a162c5c106e360b0ef5
1569,5dd71e92b966de6d215924b0
1148,5ebd8493184c88093860067a
1416,5ddff33bb28cf706c57b4c88
1599,5f5be09e16b98d18b3d213db
1522,5d1ba5653788ac0019ced548
1236,5f2dbeb7cee5310edcaf3db2
1311,5f6a6af586d5ef131e1c90b8
1405,5f4800e37c7b4427622dc8dd
1211,5b4653a7a47aa0000133219e
1203,5dcea4c3bc83380fe65dba2a
1178,5f95a44920f542417f4263cb
1397,5f4ff67ab2c26c14b484ab03
1540,57309f6b30a556000fecdd47
1343,5e89533c4d3d675e800bfc7c
1302,5e7fd42a0b53c36bfdd45284
1601,599b7eb76b939900012da424
1514,5f614b9f58e49c0d4dce417a
1549,566a19b57da035000fb39b89
1598,5f4fe40c4af6f3120ff17532
1194,5d1c4b76ab2b52001a30eeb8
1331,5e992379f1bb6715d48226e0
1154,5f7a3cb8a5ab6f693b2ef50a
1251,5dbdc1d62a1dd62eb48ae957
1372,5d5aa8337b878b0019706cac
1424,5eddac9011c02eac9e4a602c
1170,5f1292bf37bb871f595b147e
1408,5c616465b672de0001fd3ac6
1475,5e322c53287816210062d0ac
1286,5beb8419aec9ef0001e9d5fb
1268,5f6cbda95db5f50af6ca7772
1603,5f9224b2746358140f0c50bd
1467,5b7aefd06c1ccb000178b710
1140,5fa19ff29675d12de2935107
1293,5f45beae060bdc1f49704285
1226,5d3758292faa0d0016797c0f
1318,5ec6f65e093c7a11cd3acd2b
1494,5ebc84d2e1fa7c0dcedf7777
1276,54847f1cfdf99b07b28f22f9
1485,5dcaf5db575da17c63ebb51b
1602,5f65b320d7573011efd524b4
1444,5e3d3bfca2d00a000a3fda8a
1581,5ed953ff9a8d504d5c451db0
1242,5f952268ec8f5f3697a523d1
1121,5a79107c17ef35000170180e
1334,5e419cec42f96d000eeed918
1186,5e9e791686627224b3ae2b73
1455,5d19ec7e1a4be7001a637893
1579,5e837d3b81f73907c9b07607
1362,5dca5a06880a2973c5af50a9
1352,5d9be4fc640a2500163a858c
1218,5aea85ab831584000180a1f6
